sample_subname,date_sampling,bCoV_spike_vol_ul,elution_vol_ul,weight_vol_extracted_ml,sample_name,nucleic_acid,experiment,sample_experiment_detail,method,Vol_concentrated_mL,liquid_solid,bCoV_spike_dilution,bCoV_spike_tube,phi6_spike_dilution,Sample Description,phi6_spike_vol_ul,SOC_spike_ng,s-cov-2 spike-in,date_extraction,Extraction_method,nanodrop_in_RNA_ng_ul_qubit_BR,RNA_ng_ul_qubit_BR,RNA_ng_ul_qubit_all,RNA_ng_ul_qubit_HS,DNA_ng_ul_qubit_BR,DNA_ng_ul_qubit_all,BioAnalyzer?,Interceptor,control_spike_tube,flow_MGD,population_served,bCoV letter,bCoV dilution,bCoV vol (uL),RNA_yield_quantification,DNA_yield_quantification,RNA_yield_ext,DNA_yield_ext,RNA_yield,DNA_yield
5-13-A,5/12/20,,,80,MH S68 UCB-4,RNA,normalized long-term monitoring,,centricon,80,liquid,,,1.00E-05,WW; centricon; not spun,100,,,5/13/20,PowerMicrobiome,,<10,5,,,,,S,,35,465000,,,,below quantification limit,quantifiable,,,,
5-13-C,5/12/20,,,80,MH S68 UCB-4,RNA,normalized long-term monitoring,,centricon,80,liquid,,,1.00E-07,WW; centricon; spun,100,,,5/13/20,PowerMicrobiome,,<10,5,,,,,S,,35,465000,,,,below quantification limit,quantifiable,,,,
5-13-E,5/12/20,,,40,MH S68 UCB-4,RNA,normalized long-term monitoring,,ultrafiltration,40,liquid,,,1.00E-07,WW; amicon; spun,50,,,5/13/20,PowerMicrobiome,,<10,5,,,,,S,,35,465000,,,,below quantification limit,quantifiable,,,,
5-13-F,5/12/20,,,40,MH S68 UCB-4,RNA,normalized long-term monitoring,,ultrafiltration,40,liquid,,,1.00E-07,WW; amicon; spun,50,,,5/13/20,PowerMicrobiome,,<10,5,,,,,S,,35,465000,,,,below quantification limit,quantifiable,,,,
5-13-G,5/12/20,,,40,MH S68 UCB-4,RNA,normalized long-term monitoring,,ultrafiltration,40,liquid,,,1.00E-05,WW; amicon; spun; spiked sars-cov-2,50,,150 uL,5/13/20,PowerMicrobiome,,<10,5,,,,,S,,35,465000,,,,below quantification limit,quantifiable,,,,
5-13-H,5/12/20,,,40,MH S68 UCB-4,RNA,normalized long-term monitoring,,ultrafiltration,40,liquid,,,1.00E-05,WW; amicon; spun,50,,,5/13/20,PowerMicrobiome,,<10,5,,,,,S,,35,465000,,,,below quantification limit,quantifiable,,,,
5-13-J,5/12/20,,,40,MH S68 UCB-4,RNA,normalized long-term monitoring,,PEG,40,liquid,,,1.00E-05,PEG - no pellet formed,50,,,,,,,,,,,,S,,35,465000,,,,quantifiable,quantifiable,,,,
5-13-K,5/12/20,,,40,MH S68 UCB-4,RNA,normalized long-term monitoring,,PEG,40,liquid,,,1.00E-05,PEG - no pellet formed,50,,,,,,,,,,,,S,,35,465000,,,,quantifiable,quantifiable,,,,
5-19-F,5/19/20,,,40,MH S68 UCB-5,RNA,normalized long-term monitoring,,ultrafiltration,40,liquid,,,1.00E-04,WW; amicon; spun,50,,,5/19/20,PowerMicrobiome,,2.56,2.56,,,,,S,,35,465000,,,,quantifiable,quantifiable,,,,
5-19-A,5/19/20,,50,40,MH S68 UCB-5,RNA,normalized long-term monitoring,,ultrafiltration,40,liquid,,,1.00E-03,WW; amicon; spun,50,,,5/19/20,AllPrep,,4.15,4.15,,,,,S,,35,465000,,,,quantifiable,quantifiable,207.5,,5.1875,
5-19-E,5/19/20,,50,40,MH S68 UCB-5,RNA,normalized long-term monitoring,,ultrafiltration,40,liquid,,,1.00E-04,WW; amicon; spun,50,,,5/19/20,AllPrep,,4.84,4.84,,,,,S,,35,465000,,,,quantifiable,quantifiable,242,,6.05,
5-19-B,5/19/20,,50,40,MH S68 UCB-5,RNA,normalized long-term monitoring,,ultrafiltration,40,liquid,,,1.00E-03,WW; amicon; spun,50,,,5/19/20,AllPrep,,4.88,4.88,,,,,S,,35,465000,,,,quantifiable,quantifiable,244,,6.1,
5-19-D,5/19/20,,50,40,MH S68 UCB-5,RNA,normalized long-term monitoring,,ultrafiltration,40,liquid,,,1.00E-04,WW; amicon; spun,50,,,5/19/20,AllPrep,,8.48,8.48,,,,,S,,35,465000,,,,quantifiable,quantifiable,424,,10.6,
5-19-C,5/19/20,,,40,MH S68 UCB-5,RNA,normalized long-term monitoring,,ultrafiltration,40,liquid,,,1.00E-03,WW; amicon; spun,50,,,5/19/20,PowerMicrobiome,,<10,5,,,,,S,,35,465000,,,,below quantification limit,quantifiable,,,,
5-28-E,5/27/20,,50,40,MH N49 UCB-6,RNA,normalized long-term monitoring,,ultrafiltration,40,liquid,,,1.00E-03,40 mL WW; amicon; spun,50,,,5/28/20,AllPrep,,6.7,6.7,,,,,N,,10,130000,,,,quantifiable,quantifiable,335,,8.375,
5-28-F,5/27/20,,50,40,MH N49 UCB-6,RNA,normalized long-term monitoring,,ultrafiltration,40,liquid,,,1.00E-03,40 mL WW; amicon; spun,50,,,5/28/20,AllPrep,,7.3,7.3,,,,,N,,10,130000,,,,quantifiable,quantifiable,365,,9.125,
5-28-H,5/27/20,,50,80,MH N49 UCB-6,RNA,normalized long-term monitoring,,ultrafiltration,80,liquid,,,1.00E-03,80 mL WW; amicon; spun,50,,,5/28/20,AllPrep,,8.2,8.2,,,,,N,,10,130000,,,,quantifiable,quantifiable,410,,5.125,
5-28-F-Filter RNA,5/27/20,,50,40,MH N49 UCB-6,RNA,added pellets to extraction,,ultrafiltration and solids,40,solid,,,1.00E-03,Filter + Pellet,50,,,5/28/20,AllPrep,,8.9,8.9,,,,,N,,10,130000,,,,quantifiable,quantifiable,445,,11.125,
5-28-F-Filter DNA,5/27/20,,50,40,MH N49 UCB-6,DNA,added pellets to extraction,,ultrafiltration and solids,40,solid,,,1.00E-03,Filter + Pellet,50,,,5/28/20,AllPrep,Y,35,35,,,,,N,,10,130000,,,,quantifiable,quantifiable,1750,,43.75,
5-28-I,5/27/20,,50,40,MH S68 UCB-6,RNA,normalized long-term monitoring,,ultrafiltration,40,liquid,,,1.00E-03,40 mL WW; amicon; spun,50,,,5/28/20,AllPrep,,9.7,9.7,,,,,S,,35,465000,,,,quantifiable,quantifiable,485,,12.125,
5-28-J,5/27/20,,50,40,MH S68 UCB-6,RNA,normalized long-term monitoring,,ultrafiltration,40,liquid,,,1.00E-03,40 mL WW; amicon; spun,50,,,5/28/20,AllPrep,,11.1,11.1,,,,,S,,35,465000,,,,quantifiable,quantifiable,555,,13.875,
5-28-L,5/27/20,,50,80,MH S68 UCB-6,RNA,normalized long-term monitoring,,ultrafiltration,80,liquid,,,1.00E-03,80 mL WW; amicon; spun,50,,,5/28/20,AllPrep,,20,20,,,,,S,,35,465000,,,,quantifiable,quantifiable,1000,,12.5,
5-28-B,5/28/20,,50,40,MH ADA UCB-1,RNA,normalized long-term monitoring,,ultrafiltration,40,liquid,,,1.00E-03,40 mL WW; amicon; spun,50,,,5/28/20,AllPrep,,5,5,,,,,A,,6,90000,,,,quantifiable,quantifiable,250,,6.25,
5-28-D,5/28/20,,50,80,MH ADA UCB-1,RNA,normalized long-term monitoring,,ultrafiltration,80,liquid,,,1.00E-03,80 mL WW; amicon; spun,50,,,5/28/20,AllPrep,,10.1,10.1,,,,,A,,6,90000,,,,quantifiable,quantifiable,505,,6.3125,
5-28-D-Filter RNA,5/28/20,,50,80,MH ADA UCB-1,RNA,added pellets to extraction,,ultrafiltration and solids,80,solid,,,1.00E-03,Filter + Pellet,50,,,5/28/20,AllPrep,,37.8,37.8,,,,,A,,6,90000,,,,quantifiable,quantifiable,1890,,23.625,
5-28-D-Filer DNA,5/28/20,,50,80,MH ADA UCB-1,DNA,added pellets to extraction,,ultrafiltration and solids,80,solid,,,1.00E-03,Filter + Pellet,50,,,5/28/20,AllPrep,Y,84,84,,,,,A,,6,90000,,,,quantifiable,quantifiable,4200,,52.5,
5-28-A,5/28/20,,50,40,MH ADA UCB-1,RNA,normalized long-term monitoring,,ultrafiltration,40,liquid,,,1.00E-03,40 mL WW; amicon; spun,50,,,5/28/20,AllPrep,,<10,5,,,,,A,,6,90000,,,,below quantification limit,quantifiable,250,,6.25,
6-02-Ac,6/2/20,,50,121,MH ADA UCB-2,RNA,normalized long-term monitoring,,ultrafiltration,220,liquid,,,1.00E-03,big extraction amicons,53.77777778,,,6/3/20,AllPrep,,8.5,8.5,,,,,A,,6,90000,,,,quantifiable,quantifiable,425,,3.512396694,
6-02-As-Filter DNA,6/2/20,,50,45,MH ADA UCB-2,DNA,added pellets to extraction,,ultrafiltration,45,solid,,,1.00E-03,40 mL amicon filter+pellet,50,,,6/3/20,AllPrep,,12.6,12.6,,,,,A,,6,90000,,,,quantifiable,quantifiable,630,,14,
6-02-As,6/2/20,,50,40,MH ADA UCB-2,RNA,normalized long-term monitoring,,ultrafiltration,40,liquid,,,1.00E-03,40 mL amicon,50,,,6/3/20,AllPrep,,<10,5,,,,,A,,6,90000,,,,below quantification limit,quantifiable,250,,6.25,
6-02-As-Filter RNA,6/2/20,,50,45,MH ADA UCB-2,RNA,added pellets to extraction,,ultrafiltration,45,solid,,,1.00E-03,40 mL amicon filter+pellet,50,,,6/3/20,AllPrep,,<10,5,,,,,A,,6,90000,,,,below quantification limit,quantifiable,250,,5.555555556,
6-02-Ns-Filter DNA,6/2/20,,50,45,MH N49 UCB-7,DNA,added pellets to extraction,,ultrafiltration,45,solid,,,1.00E-03,40 mL amicon filter+pellet,50,,,6/3/20,AllPrep,,4.7,4.7,,,,,N,,10,130000,,,,quantifiable,quantifiable,235,,5.222222222,
6-02-Nc,6/2/20,,50,129.25,MH N49 UCB-7,RNA,normalized long-term monitoring,,ultrafiltration,235,liquid,,,1.00E-03,big extraction amicons,57.44444444,,,6/3/20,AllPrep,,10.3,10.3,,,,,N,,10,130000,,,,quantifiable,quantifiable,515,,3.984526112,
6-02-Ns,6/2/20,,50,37,MH N49 UCB-7,RNA,normalized long-term monitoring,,ultrafiltration,37,liquid,,,1.00E-03,40 mL amicon,50,,,6/3/20,AllPrep,,<10,5,,,,,N,,10,130000,,,,below quantification limit,quantifiable,250,,6.756756757,
6-02-Ns-Filter RNA,6/2/20,,50,45,MH N49 UCB-7,RNA,added pellets to extraction,,ultrafiltration,45,solid,,,1.00E-03,40 mL amicon filter+pellet,50,,,6/3/20,AllPrep,,<10,5,,,,,N,,10,130000,,,,below quantification limit,quantifiable,250,,5.555555556,
6-02-Sc-Filter RNA,6/2/20,,50,307,MH S68 UCB-7,RNA,added pellets to extraction,,ultrafiltration,307,solid,,,1.00E-03,big extraction pellet,136.4444444,,,6/3/20,AllPrep,,5,5,,,,,S,,35,465000,,,,quantifiable,quantifiable,250,,0.814332248,
6-02-Ss-Filter RNA,6/2/20,,50,45,MH S68 UCB-7,RNA,added pellets to extraction,,ultrafiltration,45,solid,,,1.00E-03,40 mL amicon filter+pellet,50,,,6/3/20,AllPrep,,7,7,,,,,S,,35,465000,,,,quantifiable,quantifiable,350,,7.777777778,
6-02-Ss-Filter DNA,6/2/20,,50,45,MH S68 UCB-7,DNA,added pellets to extraction,,ultrafiltration,45,solid,,,1.00E-03,40 mL amicon filter+pellet,50,,,6/3/20,AllPrep,,10.3,10.3,,,,,S,,35,465000,,,,quantifiable,quantifiable,515,,11.44444444,
6-02-Sc-Filter DNA,6/2/20,,50,307,MH S68 UCB-7,DNA,added pellets to extraction,,ultrafiltration,307,solid,,,1.00E-03,big extraction pellet,136.4444444,,,6/3/20,AllPrep,,16.2,16.2,,,,,S,,35,465000,,,,quantifiable,quantifiable,810,,2.638436482,
6-02-Sc-Filter DNA,6/2/20,,50,307,MH S68 UCB-7,DNA,added pellets to extraction,,ultrafiltration,307,solid,,,1.00E-03,40 mL amicon filter+pellet,136.4444444,,,6/3/20,AllPrep,,16.3,16.3,,,,,S,,35,465000,,,,quantifiable,quantifiable,815,,2.654723127,
6-02-Sc,6/2/20,,50,168.85,MH S68 UCB-7,RNA,normalized long-term monitoring,,ultrafiltration,307,liquid,,,1.00E-03,big extraction amicons,75.04444444,,,6/3/20,AllPrep,,18.3,18.3,,,,,S,,35,465000,,,,quantifiable,quantifiable,915,,5.419010956,
6-02-Ss,6/2/20,,50,45,MH S68 UCB-7,RNA,normalized long-term monitoring,,ultrafiltration,45,liquid,,,1.00E-03,40 mL amicon,50,,,6/3/20,AllPrep,,<10,5,,,,,S,,35,465000,,,,below quantification limit,quantifiable,250,,5.555555556,
6-09 A-1 DNA,6/9/20,,50,40,MH ADA UCB-3,DNA,added pellets to extraction,,ultrafiltration,40,solid,,,1.00E-03,2x filter + pellet,50,,,6/9/20,AllPrep,,3,3,,,,,A,,6,90000,,,,quantifiable,quantifiable,150,,3.75,
6-09 A-F,6/9/20,,50,40,MH ADA UCB-3,RNA,added pellets to extraction,,ultrafiltration,40,solid,,,1.00E-03,2x filter + pellet,50,,,6/9/20,AllPrep,,17.8,17.8,,,,,A,,6,90000,,,,quantifiable,quantifiable,890,,22.25,
6-09 A-F DNA,6/9/20,,50,40,MH ADA UCB-3,DNA,added pellets to extraction,,ultrafiltration,40,solid,,,1.00E-03,2x filter + pellet,50,,,6/9/20,AllPrep,,41.7,41.7,,,,,A,,6,90000,,,,quantifiable,quantifiable,2085,,52.125,
6-09 A-1,6/9/20,,50,40,MH ADA UCB-3,RNA,normalized long-term monitoring,,ultrafiltration,40,liquid,,,1.00E-03,40 mL amicon,50,20,,6/9/20,AllPrep,,<10,5,,,,,A,,6,90000,,,,below quantification limit,quantifiable,250,,6.25,
6-09 A-3,6/9/20,,50,80,MH ADA UCB-3,RNA,normalized long-term monitoring,,ultrafiltration,80,liquid,,,1.00E-03,"80 mL, 2x amicon",100,40,,6/9/20,AllPrep,,<10,5,,,,,A,,6,90000,,,,below quantification limit,quantifiable,250,,3.125,
6-09 A-FT,6/9/20,,,,MH ADA UCB-3,RNA,amicon filtrate,,ultrafiltration filtrate,,liquid,,,?,filtrate,?,?,?,6/10/20,?,,,5,<1.7,<0.4,0.3,,A,,6,90000,,,,below quantification limit,below quantification limit,,,,
6-9_RNeasycolumn_50_A,6/9/20,,100,50,MH ADA UCB-3_presalted 6_9,RNA,type of column,,column,50,liquid,,,1,RNez,10,100,,6/9/20,,,,5,<1.7,<0.4,0.3,x,A,,6,90000,,,,below quantification limit,below quantification limit,500,30,10,0.6
6_9_150mL_Amicon_flowthrough_A,6/9/20,,50,150,MH ADA UCB-3_presalted 6_9,RNA,normalized long-term monitoring,,ultrafiltration followed by column,150,liquid,,,1.00E-03,"merged flowthrough from 4 amicons, then nucleic acid extracted via column (spike ins added before amicon)",50,20,,6/9/20,,,,,,,,,A,,6,90000,,,,quantifiable,quantifiable,,,,
6-09 A-5,6/9/20,,50,80,MH ADA UCB-3,RNA,normalized long-term monitoring,,ultrafiltration,80,liquid,,,1.00E-03,"80 mL, 2x amicon, isopropanol",100,0,,6/9/20,AllPrep,,,,,,,,A,,6,90000,,,,quantifiable,quantifiable,,,,
6-9_column_400_A,6/9/20,,100,400,MH ADA UCB-3_presalted 6_9,RNA,normalized long-term monitoring,,column,400,liquid,,,1,,10,100,,6/9/20,,,,5,6.37,36.6,36.6,x,A,,6,90000,,,,below quantification limit,quantifiable,500,3660,1.25,9.15
6-09 N-1 DNA,6/9/20,,50,40,MH N49 UCB-8,DNA,added pellets to extraction,,ultrafiltration,40,solid,,,1.00E-03,2x filter + pellet,50,,,6/9/20,AllPrep,,4.2,4.2,,,,,N,,10,130000,,,,quantifiable,quantifiable,210,,5.25,
6-09 N-F DNA,6/9/20,,50,40,MH N49 UCB-8,DNA,added pellets to extraction,,ultrafiltration,40,solid,,,1.00E-03,2x filter + pellet,50,,,6/9/20,AllPrep,,30.3,30.3,,,,,N,,10,130000,,,,quantifiable,quantifiable,1515,,37.875,
6-09 N-1,6/9/20,,50,40,MH N49 UCB-8,RNA,normalized long-term monitoring,,ultrafiltration,40,liquid,,,1.00E-03,40 mL amicon,50,20,,6/9/20,AllPrep,,<10,5,,,,,N,,10,130000,,,,below quantification limit,quantifiable,250,,6.25,
6-09 N-3,6/9/20,,50,80,MH N49 UCB-8,RNA,normalized long-term monitoring,,ultrafiltration,80,liquid,,,1.00E-03,"80 mL, 2x amicon",100,40,,6/9/20,AllPrep,,<10,5,,,,,N,,10,130000,,,,below quantification limit,quantifiable,250,,3.125,
6-09 N-F,6/9/20,,50,40,MH N49 UCB-8,RNA,added pellets to extraction,,ultrafiltration,40,solid,,,1.00E-03,2x filter + pellet,50,,,6/9/20,AllPrep,,<10,5,,,,,N,,10,130000,,,,below quantification limit,quantifiable,250,,6.25,
6-09 N-FT,6/9/20,,,,MH N49 UCB-8,RNA,amicon filtrate,,ultrafiltration filtrate,,liquid,,,?,filtrate,?,?,?,6/10/20,?,,,5,1.79,<0.4,0.3,,N,,10,130000,,,,below quantification limit,below quantification limit,,,,
6-9_RNeasycolumn_50_N,6/9/20,,100,50,MH N49 UCB-8_presalted 6_9,RNA,type of column,,column,50,liquid,,,1,RNez,10,100,,6/9/20,,,,5,<1.7,<0.4,0.3,x,N,,10,465000,,,,below quantification limit,below quantification limit,500,30,10,0.6
6_9_150mL_Amicon_flowthrough_N,6/9/20,,50,150,MH N49 UCB-8_presalted 6_9,RNA,normalized long-term monitoring,,ultrafiltration followed by column,150,liquid,,,1.00E-03,"merged flowthrough from 4 amicons, then nucleic acid extracted via column (spike ins added before amicon)",50,20,,6/9/20,,,,,,,,,N,,10,465000,,,,quantifiable,quantifiable,,,,
6-09 N-5,6/9/20,,50,80,MH N49 UCB-8,RNA,normalized long-term monitoring,,ultrafiltration,80,liquid,,,1.00E-03,"80 mL, 2x amicon, isopropanol",100,0,,6/9/20,AllPrep,,,,,,,,N,,10,130000,,,,quantifiable,quantifiable,,,,
6-9_column_400_N,6/9/20,,100,400,MH N49 UCB-8_presalted 6_9,RNA,normalized long-term monitoring,,column,400,liquid,,,1,,10,100,,6/9/20,,,,95,95,59.5,59.5,x,N,,10,465000,,,,quantifiable,quantifiable,9500,5950,23.75,14.875
6-09 S-1 DNA,6/9/20,,50,40,MH S68 UCB-8,DNA,added pellets to extraction,,ultrafiltration,40,solid,,,1.00E-03,2x filter + pellet,50,,,6/9/20,AllPrep,,2.9,2.9,,,,,S,,35,465000,,,,quantifiable,quantifiable,145,,3.625,
6-09 S-F,6/9/20,,50,40,MH S68 UCB-8,RNA,added pellets to extraction,,ultrafiltration,40,solid,,,1.00E-03,2x filter + pellet,50,,,6/9/20,AllPrep,,7,7,,,,,S,,35,465000,,,,quantifiable,quantifiable,350,,8.75,
6-09 S-F DNA,6/9/20,,50,40,MH S68 UCB-8,DNA,added pellets to extraction,,ultrafiltration,40,solid,,,1.00E-03,2x filter + pellet,50,,,6/9/20,AllPrep,,28.8,28.8,,,,,S,,35,465000,,,,quantifiable,quantifiable,1440,,36,
6-09 S-1,6/9/20,,50,40,MH S68 UCB-8,RNA,normalized long-term monitoring,,ultrafiltration,40,liquid,,,1.00E-03,40 mL amicon,50,20,,6/9/20,AllPrep,,<10,5,,,,,S,,35,465000,,,,below quantification limit,quantifiable,250,,6.25,
6-09 S-3,6/9/20,,50,80,MH S68 UCB-8,RNA,normalized long-term monitoring,,ultrafiltration,80,liquid,,,1.00E-03,"80 mL, 2x amicon",100,40,,6/9/20,AllPrep,,<10,5,,,,,S,,35,465000,,,,below quantification limit,quantifiable,250,,3.125,
6-09 S-FT,6/9/20,,,,MH S68 UCB-8,RNA,amicon filtrate,,ultrafiltration filtrate,,liquid,,,?,filtrate,?,?,?,6/10/20,?,,,5,<1.7,<0.4,0.3,,S,,35,465000,,,,below quantification limit,below quantification limit,,,,
6_9_150mL_Amicon_flowthrough_S,6/9/20,,50,150,MH S68 UCB-8_presalted 6_9,RNA,normalized long-term monitoring,,ultrafiltration followed by column,150,liquid,,,1.00E-03,"merged flowthrough from 4 amicons, then nucleic acid extracted via column (spike ins added before amicon)",50,20,,6/9/20,,,,,,,,,S,,35,130000,,,,quantifiable,quantifiable,,,,
6-09 S-5,6/9/20,,50,80,MH S68 UCB-8,RNA,normalized long-term monitoring,,ultrafiltration,80,liquid,,,1.00E-03,"80 mL, 2x amicon, isopropanol",100,0,,6/9/20,AllPrep,,,,,,,,S,,35,465000,,,,quantifiable,quantifiable,,,,
1_m.o._4deg_preservation_S_minsNaCl_REP1,6/9/20,,100,100,MH S68 UCB-8_presalted 6_9,,sample preservation,preserved for one month at 4 C (no salt),column + isoprop,100,,,,Spiked in already extracted Phi6 RNA (as a free RNA standard)],,50ng,,,16-Jul,,,,,,,,,S,,35,130000,,,,quantifiable,quantifiable,,,,
1_m.o._4deg_preservation_S_minsNaCl_REP2,6/9/20,,100,100,MH S68 UCB-8_presalted 6_9,,sample preservation,preserved for one month at 4 C (no salt),column + isoprop,100,,,,Spiked in already extracted Phi6 RNA (as a free RNA standard)],,50ng,,,16-Jul,,,,,,,,,S,,35,130000,,,,quantifiable,quantifiable,,,,
1_m.o._4deg_preservation_S_minsNaCl_REP3,6/9/20,,100,100,MH S68 UCB-8_presalted 6_9,,sample preservation,preserved for one month at 4 C (no salt),column + isoprop,100,,,,Spiked in already extracted Phi6 RNA (as a free RNA standard)],,50ng,,,16-Jul,,,,,,,,,S,,35,130000,,,,quantifiable,quantifiable,,,,
1_m.o._4deg_preservation_S_plusNaCl_REP1,6/9/20,,100,100,MH S68 UCB-8_presalted 6_9,,sample preservation,preserved with salt for one month at 4 C ,column + isoprop,100,,,,Spiked in already extracted Phi6 RNA (as a free RNA standard)],,50ng,,,16-Jul,,,,,,,,,S,,35,130000,,,,quantifiable,quantifiable,,,,
1_m.o._4deg_preservation_S_plusNaCl_REP2,6/9/20,,100,100,MH S68 UCB-8_presalted 6_9,,sample preservation,preserved with salt for one month at 4 C ,column + isoprop,100,,,,Spiked in already extracted Phi6 RNA (as a free RNA standard)],,50ng,,,16-Jul,,,,,,,,,S,,35,130000,,,,quantifiable,quantifiable,,,,
1_m.o._4deg_preservation_S_plusNaCl_REP3,6/9/20,,100,100,MH S68 UCB-8_presalted 6_9,,sample preservation,preserved with salt for one month at 4 C ,column + isoprop,100,,,,Spiked in already extracted Phi6 RNA (as a free RNA standard)],,50ng,,,16-Jul,,,,,,,,,S,,35,130000,,,,quantifiable,quantifiable,,,,
6-9_RNeasycolumn_50_S,6/9/20,,100,50,MH S68 UCB-8_presalted 6_9,RNA,type of column,,column,50,liquid,,,1,RNez,10,100,,6/9/20,,,,10.3,10.3,0.827,0.827,x,S,,35,130000,,,,quantifiable,quantifiable,1030,82.7,20.6,1.654
6-9_column_400_S,6/9/20,,100,400,MH S68 UCB-8_presalted 6_9,RNA,normalized long-term monitoring,,column,400,liquid,,,1,,10,100,,6/9/20,,,,,,,,x,S,,35,130000,,,,quantifiable,quantifiable,,,,
6-16_A,6/16/20,,50,40,MH ADA UCB-4,RNA,normalized long-term monitoring,,ultrafiltration,40,liquid,,,1.00E-03,,50,10,,6/16/20,AllPrep,,,,,,,,A,,6,90000,,,,quantifiable,quantifiable,,,,
6-16_N,6/16/20,,50,40,MH N49 UCB-9,RNA,normalized long-term monitoring,,ultrafiltration,40,liquid,,,1.00E-03,,50,10,,6/16/20,AllPrep,,,,,,,,N,,10,130000,,,,quantifiable,quantifiable,,,,
6-16_col_S_rep1,6/16/20,,100,80,MH S68 UCB-9,RNA,S4 to ultrafiltration comparison,80 mL S4 inhibited,column,80,liquid,,,?,,?,?,?,6/18/20,?,,,5,5.51,4.88,4.88,,S,,35,465000,,,,below quantification limit,quantifiable,500,488,6.25,6.1
6-16_S2,6/16/20,,50,80,MH S68 UCB-9,RNA,S4 to ultrafiltration comparison,80 mL ultrafiltration,ultrafiltration,80,liquid,,,1.00E-03,,50,10,,6/16/20,AllPrep,,,,,,,,S,,35,465000,,,,quantifiable,quantifiable,,,,
6-16_S3,6/16/20,,50,40,MH S68 UCB-9,RNA,S4 to ultrafiltration comparison,40 mL ultrafiltration,ultrafiltration,40,liquid,,,1.00E-03,,50,10,,6/16/20,AllPrep,,,,,,,,S,,35,465000,,,,quantifiable,quantifiable,,,,
6-16_S4,6/16/20,,50,40,MH S68 UCB-9,RNA,normalized long-term monitoring,,ultrafiltration,40,liquid,,,1.00E-03,,50,10,,6/16/20,AllPrep,,,,,,,,S,,35,465000,,,,quantifiable,quantifiable,,,,
6-16_S5,6/16/20,,50,40,MH S68 UCB-9,RNA,normalized long-term monitoring,,ultrafiltration,40,liquid,,,1.00E-03,,50,10,,6/16/20,AllPrep,,,,,,,,S,,35,465000,,,,quantifiable,quantifiable,,,,
6-16_S7,6/16/20,,50,60,MH S68 UCB-9,RNA,S4 to ultrafiltration comparison,60 mL ultrafiltration,ultrafiltration,60,liquid,,,1.00E-03,,50,10,,6/16/20,AllPrep,,,,,,,,S,,35,465000,,,,quantifiable,quantifiable,,,,
6-16_S9,6/16/20,,50,60,MH S68 UCB-9,RNA,normalized long-term monitoring,,ultrafiltration,60,liquid,,,1.00E-03,,50,10,,6/16/20,AllPrep,,,,,,,,S,,35,465000,,,,quantifiable,quantifiable,,,,
6_18_column_100mL_A_Preserved,6/17/20,,100,100,MH ADA UCB-3_presalted 6_17,RNA,sample preservation transit,salt added prior to transit,column,100,liquid,,,1,,0.5,10,,6/18/20,,,,49.3,49.3,2.12,2.12,x,A,,6,90000,,,,quantifiable,quantifiable,4930,212,49.3,2.12
6_18_column_100mL_S_Preserved,6/17/20,,100,100,MH N49 UCB-8_presalted 6_17,RNA,sample preservation transit,salt added prior to transit,column,100,liquid,,,1,,0.5,10,,6/18/20,,,,32.7,32.7,7,7,x,N,,10,130000,,,,quantifiable,quantifiable,3270,700,32.7,7
6_23_Milkofsilica,6/17/20,,100,100,MH S68 UCB-8_presalted 6_17,,normalized long-term monitoring,,column,,both,,,,Pre-lysed + HI,,10,,6/23/20,,,,13.1,13.1,,,x,S,,35,465000,,,,quantifiable,quantifiable,1310,,13.1,
6_18_column_100mL_N_Preserved,6/17/20,,100,100,MH S68 UCB-8_presalted 6_17,RNA,sample preservation transit,salt added prior to transit,column,100,liquid,,,1,,0.5,10,,6/18/20,,,,53.3,53.3,37,37,x,S,,35,465000,,,,quantifiable,quantifiable,5330,3700,53.3,37
6_23_Enzymax,6/17/20,,100,100,MH S68 UCB-8_presalted 6_17,,type of column,Enzymax,column,,both,,,,Pre-lysed + HI,,10,,6/23/20,,,,5,6.38,0.579,0.3,x,S,,35,465000,,,,below quantification limit,below quantification limit,500,30,5,0.3
6_23_funnelMaxiprep,6/17/20,,100,100,MH S68 UCB-8_presalted 6_17,,type of column,Maxi prep,column,,both,,,,Pre-lysed + HI,,10,,6/23/20,,,,5,4.06,0.374,0.3,x,S,,35,465000,,,,below quantification limit,below quantification limit,500,30,5,0.3
6_23_Qiatip,6/17/20,,100,100,MH S68 UCB-8_presalted 6_17,,type of column,Qiatip,column,,both,,,,Pre-lysed + HI,,10,,6/23/20,,,,5,<2.5,,,x,S,,35,465000,,,,below quantification limit,quantifiable,500,,5,
6-23_N_2_A,6/23/20,50,50,80,MH N49 UCB-10,RNA,normalized long-term monitoring,,ultrafiltration,80,liquid,1.00E-03,F,,2 x 40 mL combined after amicon,,,,6/23/20,AllPrep,,,,,,,,N,,10,130000,,,,quantifiable,quantifiable,,,,
6-23_N_4_A,6/23/20,50,50,80,MH N49 UCB-10,RNA,normalized long-term monitoring,,ultrafiltration,80,liquid,1.00E-03,F,,2 x 40 mL combined after amicon,,,,6/23/20,AllPrep,,,,,,,,N,,10,130000,,,,quantifiable,quantifiable,,,,
6_24 N200R1,6/23/20,,200,200,MH N49 UCB-10,,normalized long-term monitoring,,column,,both,,,,"Raw, then lysed at 4 deg. C overnight",,10,,24-Jun,,,,,,,,,N,,10,130000,,,,quantifiable,quantifiable,,,,
6_24 N200R2,6/23/20,,200,150,MH N49 UCB-10,,normalized long-term monitoring,,column,,both,,,,"Raw, then lysed at 4 deg. C overnight",,10,,24-Jun,,,,,,,,,N,,10,130000,,,,quantifiable,quantifiable,,,,
6-23_N_1_col,6/23/20,175,300,175,MH N49 UCB-10,RNA,normalized long-term monitoring,,column,200,both,1.00E-03,F,,,,,,6/25/20,,,,,,,,,N,,10,130000,,,,quantifiable,quantifiable,,,,
6-23_N_2_col,6/23/20,175,300,150,MH N49 UCB-10,RNA,normalized long-term monitoring,,column,200,both,1.00E-03,F,,,,,,6/25/20,,,,,,,,,N,,10,130000,,,,quantifiable,quantifiable,,,,
6-23_S_2_A,6/23/20,50,50,80,MH S68 UCB-10,RNA,normalized long-term monitoring,,ultrafiltration,80,liquid,1.00E-03,F,,"2 x 40 mL combined after amicon, RNA was pooled with S4 and S6",,,,6/23/20,AllPrep,,,,,,,,S,,35,465000,,,,quantifiable,quantifiable,,,,
6-23_S_4_A,6/23/20,50,50,80,MH S68 UCB-10,RNA,normalized long-term monitoring,,ultrafiltration,80,liquid,1.00E-03,F,,2 x 40 mL combined after amicon,,,,6/23/20,AllPrep,,,,,,,,S,,35,465000,,,,quantifiable,quantifiable,,,,
6-23_S_6_A,6/23/20,50,50,80,MH S68 UCB-10,RNA,normalized long-term monitoring,,ultrafiltration,80,liquid,1.00E-03,F,,2 x 40 mL combined after amicon,,,,6/23/20,AllPrep,,,,,,,,S,,35,465000,,,,quantifiable,quantifiable,,,,
6-23_S_8_A,6/23/20,50,50,80,MH S68 UCB-10,RNA,beef_extract,,ultrafiltration,80,liquid,1.00E-03,F,,beef extract WRF protocol; 2 x 40 mL combined after amicon,,,,6/23/20,AllPrep,,,,,,,,S,,35,465000,,,,quantifiable,quantifiable,,,,
6_24 S200R1,6/23/20,,200,200,MH S68 UCB-10,,normalized long-term monitoring,,column,,both,,,,"Raw, then lysed at 4 deg. C overnight",,10,,24-Jun,,,,,,,,,S,,35,465000,,,,quantifiable,quantifiable,,,,
6_24 S200R2,6/23/20,,200,200,MH S68 UCB-10,,normalized long-term monitoring,,column,,both,,,,"Raw, then lysed at 4 deg. C overnight",,10,,24-Jun,,,,,,,,,S,,35,465000,,,,quantifiable,quantifiable,,,,
6-23_S_1_col,6/23/20,175,200,190,MH S68 UCB-10,RNA,normalized long-term monitoring,,column,200,both,1.00E-03,F,,,,check notebook,,6/25/20,,,,,,,,,S,,35,465000,,,,quantifiable,quantifiable,,,,
6-23_S_2_col,6/23/20,175,200,175,MH S68 UCB-10,RNA,normalized long-term monitoring,,column,200,both,1.00E-03,F,,,,,,6/25/20,,,,,,,,,S,,35,465000,,,,quantifiable,quantifiable,,,,
6_18_column_100mL_N_lysedinlab,6/24/20,,100,100,MH N49 UCB-8_salted_by_OW 6_17,RNA,sample preservation transit,salt added in lab,column,100,liquid,,,1,,0.5,10,,6/18/20,,,,48,48,40.6,40.6,x,N,,10,,,,,quantifiable,quantifiable,4800,4060,48,40.6
6_18_column 100mL Linear acrylamide test 12.5uL,6/24/20,,100,100,MH S68 UCB-8_salted_by_OW 6_17,RNA,Linear acrylamide test,,column,100,liquid,,,1,,0.5,10,,6/18/20,,,,5,9.33,5.4,5.4,,S,,35,,,,,below quantification limit,quantifiable,500,540,5,5.4
6_18_column_100mL_S_lysedinlab,6/24/20,,100,100,MH S68 UCB-8_salted_by_OW 6_17,RNA,sample preservation transit,salt added in lab,column,100,liquid,,,1,,0.5,10,,6/18/20,,,,76,76,14,14,x,S,,35,,,,,quantifiable,quantifiable,7600,1400,76,14
6_18_column 100mL Linear acrylamide test 6.2uL,6/24/20,,100,100,MH S68 UCB-8_salted_by_OW 6_17,RNA,Linear acrylamide test,,column,100,liquid,,,1,,0.5,10,,6/18/20,,,,11.2,11.2,5.8,5.8,,S,,35,,,,,quantifiable,quantifiable,1120,580,11.2,5.8
6_18_column 100mL Linear acrylamide test 3uL,6/24/20,,100,100,MH S68 UCB-8_salted_by_OW 6_17,RNA,Linear acrylamide test,,column,100,liquid,,,1,,0.5,10,,6/18/20,,,,10.7,10.7,5.28,5.28,,S,,35,,,,,quantifiable,quantifiable,1070,528,10.7,5.28
6_18_column 100mL Linear acrylamide test 50uL,6/24/20,,100,100,MH S68 UCB-8_salted_by_OW 6_17,RNA,Linear acrylamide test,,column,100,liquid,,,1,,0.5,10,,6/18/20,,,,10.6,10.6,5.28,5.28,,S,,35,,,,,quantifiable,quantifiable,1060,528,10.6,5.28
6_18_column 100mL Linear acrylamide test 25uL,6/24/20,,100,100,MH S68 UCB-8_salted_by_OW 6_17,RNA,Linear acrylamide test,,column,100,liquid,,,1,,0.5,10,,6/18/20,,,,10.5,10.5,7.88,7.88,,S,,35,,,,,quantifiable,quantifiable,1050,788,10.5,7.88
6_18_column_100mL_A_lysedinlab,6/25/20,,100,100,MH ADA UCB-3_salted_by_OW 6_17,RNA,sample preservation transit,salt added in lab,column,100,liquid,,,1,,0.5,10,,6/18/20,,,,10.3,10.3,25,25,x,A,,6,,,,,quantifiable,quantifiable,1030,2500,10.3,25
A_6_30_COL,6/30/20,,200,87.3,MH ADA UCB-5_6_30,RNA,normalized long-term monitoring,,column,90,,,,,"midiprep zymo IIIp column, direct elution (no isopropanol precip)",,,,,,,,126,126,46,46,x,A,,,,,,,quantifiable,quantifiable,25200,9200,288.6597938,105.3837342
A_2_6_30_MOS,6/30/20,,200,45,MH ADA UCB-5_6_30,RNA,normalized long-term monitoring,,milk of silica,45,,,,,,,,,,,,,19.6,19.6,4.67,4.67,x,A,,,,,,,quantifiable,quantifiable,3920,934,87.11111111,20.75555556
A_1_6_30_MOS,6/30/20,,200,45,MH ADA UCB-5_6_30,RNA,normalized long-term monitoring,,milk of silica,45,,,,,,,,,,,,,19,19,10.6,10.6,x,A,,,,,,,quantifiable,quantifiable,3800,2120,84.44444444,47.11111111
A_3_6_30_MOS,6/30/20,,200,45,MH ADA UCB-5_6_30,RNA,normalized long-term monitoring,,milk of silica,45,,,,,,,,,,,,,18.6,18.6,3.54,3.54,x,A,,,,,,,quantifiable,quantifiable,3720,708,82.66666667,15.73333333
N_6_30_COL,6/30/20,,200,81.9,MH N49 UCB-11_6_30,RNA,normalized long-term monitoring,IIIP,column,90,,,,,"midiprep zymo IIIp column, direct elution (no isopropanol precip)",,,,,,,,58.2,58.2,27.9,27.9,x,N,,,,,,,quantifiable,quantifiable,11640,5580,142.1245421,68.13186813
N_1_6_30_MOS,6/30/20,,200,45,MH N49 UCB-11_6_30,RNA,normalized long-term monitoring,,milk of silica,45,,,,,,,,,,,,,22.6,22.6,4.55,4.55,x,N,,,,,,,quantifiable,quantifiable,4520,910,100.4444444,20.22222222
S_1_6_30_MOS,6/30/20,,200,45,MH S68 UCB-11_6_30,RNA,normalized long-term monitoring,,milk of silica,45,,,,,,,,,,,,,38.8,38.8,14.2,14.2,x,S,,,,,,,quantifiable,quantifiable,7760,2840,172.4444444,63.11111111
S_2_6_30_MOS,6/30/20,,200,45,MH S68 UCB-11_6_30,RNA,normalized long-term monitoring,,milk of silica,45,,,,,,,,,,,,,21.4,21.4,3.88,3.88,x,S,,,,,,,quantifiable,quantifiable,4280,776,95.11111111,17.24444444
S_3_6_30_MOS,6/30/20,,200,45,MH S68 UCB-11_6_30,RNA,normalized long-term monitoring,,milk of silica,45,,,,,,,,,,,,,20.4,20.4,4.18,4.18,x,S,,,,,,,quantifiable,quantifiable,4080,836,90.66666667,18.57777778
S_1_6_30_COL,6/30/20,,200,79.2,MH S68 UCB-11_6_30,RNA,normalized long-term monitoring,,column,90,,,,,"midiprep zymo IIIp column, direct elution (no isopropanol precip)",,,,,,,,19.4,19.4,13.1,13.1,x,S,,,,,,,quantifiable,quantifiable,3880,2620,48.98989899,33.08080808
S_3_6_30_COL,6/30/20,,200,85.5,MH S68 UCB-11_6_30,RNA,normalized long-term monitoring,,column,90,,,,,"midiprep zymo IIIp column, direct elution (no isopropanol precip)",,,,,,,,,1600,28.9,28.9,x,S,,,,,,,quantifiable,quantifiable,,5780,,67.60233918
S_2_6_30_COL,6/30/20,,200,86.4,MH S68 UCB-11_6_30,RNA,normalized long-term monitoring,,column,90,,,,,"midiprep zymo IIIp column, direct elution (no isopropanol precip)",,,,,,,,,1460,23.5,23.5,x,S,,,,,,,quantifiable,quantifiable,,4700,,54.39814815
7_7_IICR_25mL_A,7/7/20,,200,25,ADA_7_7,,normalized long-term monitoring,IICR,column,25,,"idk (@adrian, alex)",,,IICR,,"idk (@adrian, alex)",,7/15/20,,,,,,,,,A,,,,,,,quantifiable,quantifiable,,,,
7_7_IICR_25mL_N,7/7/20,,200,25,N49_7_7,,normalized long-term monitoring,IICR,column,25,,"idk (@adrian, alex)",,,IICR,,"idk (@adrian, alex)",,7/15/20,,,,,,,,,N,,,,,,,quantifiable,quantifiable,,,,
3_day_RT_preservation_S_minsNaCl_REP1,7/7/20,,100,100,S68_7_7,,sample preservation,preserved for three days at room temp  (no salt),column + isoprop,100,,,,Spiked in already extracted Phi6 RNA (as a free RNA standard)],,50ng,,,7/17/20,,,,,,,,,S,,,,,,,quantifiable,quantifiable,,,,
3_day_RT_preservation_S_minsNaCl_REP2,7/7/20,,100,100,S68_7_7,,sample preservation,preserved for three days at room temp  (no salt),column + isoprop,100,,,,Spiked in already extracted Phi6 RNA (as a free RNA standard)],,50ng,,,7/17/20,,,,,,,,,S,,,,,,,quantifiable,quantifiable,,,,
3_day_RT_preservation_S_minsNaCl_REP3,7/7/20,,100,100,S68_7_7,,sample preservation,preserved for three days at room temp  (no salt),column + isoprop,100,,,,Spiked in already extracted Phi6 RNA (as a free RNA standard)],,50ng,,,7/17/20,,,,,,,,,S,,,,,,,quantifiable,quantifiable,,,,
3_day_RT_preservation_S_plusNaCl_REP1,7/7/20,,100,100,S68_7_7,,sample preservation,preserved with salt for three days at room temp,column + isoprop,100,,,,Spiked in already extracted Phi6 RNA (as a free RNA standard)],,50ng,,,7/17/20,,,,,,,,,S,,,,,,,quantifiable,quantifiable,,,,
3_day_RT_preservation_S_plusNaCl_REP2,7/7/20,,100,100,S68_7_7,,sample preservation,preserved with salt for three days at room temp,column + isoprop,100,,,,Spiked in already extracted Phi6 RNA (as a free RNA standard)],,50ng,,,7/17/20,,,,,,,,,S,,,,,,,quantifiable,quantifiable,,,,
3_day_RT_preservation_S_plusNaCl_REP3,7/7/20,,100,100,S68_7_7,,sample preservation,preserved with salt for three days at room temp,column + isoprop,100,,,,Spiked in already extracted Phi6 RNA (as a free RNA standard)],,50ng,,,7/17/20,,,,,,,,,S,,,,,,,quantifiable,quantifiable,,,,
7_7_IICR_25mL_S,7/7/20,,200,25,S68_7_7,,normalized long-term monitoring,IICR,column,25,,"idk (@adrian, alex)",,,IICR,,"idk (@adrian, alex)",,7/15/20,,,,,,,,,S,,,,,,,quantifiable,quantifiable,,,,
7_7_S_40mL_III-P,7/7/20,,200,40,S68_7_7,,normalized long-term monitoring,,column,40,,"idk (@adrian, alex)",,,IIIP,,"idk (@adrian, alex)",,7/15/20,,,,,,,,,S,,,,,,,quantifiable,quantifiable,,,,
7_14_A,7/14/20,100,200,40,ADA_7_14,,normalized long-term monitoring,,column,40,,3-Oct,F,,,,,,7/16/20,,,,,,,,,A,,,,,,,quantifiable,quantifiable,,,,
7_14_N,7/14/20,50,200,40,N49_7_14,,normalized long-term monitoring,,column,40,,3-Oct,F,,,,,,7/16/20,,,,,,,,,N,,,,,,,quantifiable,quantifiable,,,,
7_14_SF_INF,7/14/20,50,200,40,SF_OSP_INF_COMP_7_14,,normalized long-term monitoring,,column,40,,3-Oct,F,,,,,,7/16/20,,,,,,,,,OSP,,,,,,,quantifiable,quantifiable,,,,
7_14_S_1_AMI,7/14/20,50,50,40,S68_7_14,,normalized long-term monitoring,,ultrafiltration,40,,,F,,,,,,,,,,,,,,,S,,,,,,,quantifiable,quantifiable,,,,
7_14_S_2_AMI,7/14/20,50,50,40,S68_7_14,,normalized long-term monitoring,,ultrafiltration,40,,,F,,,,,,,,,,,,,,,S,,,,,,,quantifiable,quantifiable,,,,
7_14_S_3_AMI,7/14/20,50,50,40,S68_7_14,,normalized long-term monitoring,,ultrafiltration,40,,,F,,,,,,,,,,,,,,,S,,,,,,,quantifiable,quantifiable,,,,
7_14_S,7/14/20,50,200,40,S68_7_14,,normalized long-term monitoring,,column,40,,3-Oct,F,,,,,,7/16/20,,,,,,,,,S,,,,,,,quantifiable,quantifiable,,,,
7_14_S40mL-HI_R1,7/14/20,50,200,40,S68_7_14,,heat inactivation,No heat inactivation,column,40,,3-Oct,F,,without  heat inactivation,,,,7/16/20,,,,,,,,,S,,,,,,,quantifiable,quantifiable,,,,
7_14_S40mL-HI_R2,7/14/20,50,200,40,S68_7_14,,heat inactivation,No heat inactivation,column,40,,3-Oct,F,,without  heat inactivation,,,,7/16/20,,,,,,,,,S,,,,,,,quantifiable,quantifiable,,,,
7_14_S40mL-HI_R3,7/14/20,50,200,40,S68_7_14,,heat inactivation,No heat inactivation,column,40,,3-Oct,F,,without  heat inactivation,,,,7/16/20,,,,,,,,,S,,,,,,,quantifiable,quantifiable,,,,
7_14_S40mL+HI_R1,7/14/20,50,200,40,S68_7_14,,heat inactivation, Heat inactivation,column,40,,3-Oct,F,,with heat inactivation,,,,7/16/20,,,,,,,,,S,,,,,,,quantifiable,quantifiable,,,,
7_14_S40mL+HI_R2,7/14/20,50,200,40,S68_7_14,,heat inactivation, Heat inactivation,column,40,,3-Oct,F,,with heat inactivation,,,,7/16/20,,,,,,,,,S,,,,,,,quantifiable,quantifiable,,,,
7_14_S40mL+HI_R3,7/14/20,50,200,40,S68_7_14,,heat inactivation, Heat inactivation,column,40,,3-Oct,F,,with heat inactivation,,,,7/16/20,,,,,,,,,S,,,,,,,quantifiable,quantifiable,,,,
C_ADA_072120_1,7/21/20,,200,40,ADA_7_21,,normalized long-term monitoring,IIIP,column,40,,,,,,,,,,,,,,,,,,A,,,,,,,quantifiable,quantifiable,,,,
C_N49_072120_1,7/21/20,,200,40,N49_7_21,,normalized long-term monitoring,IIIP,column,40,,,,,,,,,,,,,,,,,,N,,,,,,,quantifiable,quantifiable,,,,
C_N49_072120_2,7/21/20,,200,40,N49_7_21,,normalized long-term monitoring,IIIP,column,40,,,,,,,,,,,,,,,,,,N,,,,,,,quantifiable,quantifiable,,,,
C_N49_072120_3,7/21/20,,200,40,N49_7_21,,normalized long-term monitoring,IIIP,column,40,,,,,,,,,,,,,,,,,,N,,,,,,,quantifiable,quantifiable,,,,
C_N49_072120_4,7/21/20,,200,40,N49_7_21,,normalized long-term monitoring,IIIP,column,40,,,,,,,,,,,,,,,,,,N,,,,,,,quantifiable,quantifiable,,,,
C_N49_072120_5,7/21/20,,200,40,N49_7_21,,normalized long-term monitoring,IIIP,column,40,,,,,,,,,,,,,,,,,,N,,,,,,,quantifiable,quantifiable,,,,
C_N49_072120_6,7/21/20,,200,40,N49_7_21,,normalized long-term monitoring,IIIP,column,40,,,,,,,,,,,,,,,,,,N,,,,,,,quantifiable,quantifiable,,,,
SF_OSP_INF_COMP_7_21_1,7/21/20,,200,40,SF_OSP_INF_COMP_7_21,,normalized long-term monitoring,IIIP,column,40,,,,,,,,,,,,,,,,,,OSP,,,,,,,quantifiable,quantifiable,,,,
C_S68_072120_1,7/21/20,,200,40,S68_7_21,,normalized long-term monitoring,IIIP,column,40,,,,,"sample spilled, NO RNA",,,,,,,,,,,,,S,,,,,,,quantifiable,quantifiable,,,,
C_S68_072120_2,7/21/20,,200,40,S68_7_21,,normalized long-term monitoring,IIIP,column,40,,,,,,,,,,,,,,,,,,S,,,,,,,quantifiable,quantifiable,,,,
C_S68_072120_3,7/21/20,,200,40,S68_7_21,,normalized long-term monitoring,IIIP,column,40,,,,,,,,,,,,,,,,,,S,,,,,,,quantifiable,quantifiable,,,,
C_S68_072120_4,7/21/20,,200,40,S68_7_21,,normalized long-term monitoring,IIIP,column,40,,,,,,,,,,,,,,,,,,S,,,,,,,quantifiable,quantifiable,,,,
C_S68_072120_5,7/21/20,,200,40,S68_7_21,,normalized long-term monitoring,IIIP,column,40,,,,,,,,,,,,,,,,,,S,,,,,,,quantifiable,quantifiable,,,,
C_S68_072120_6,7/21/20,,200,40,S68_7_21,,normalized long-term monitoring,IIIP,column,40,,,,,,,,,,,,,,,,,,S,,,,,,,quantifiable,quantifiable,,,,
C_ADA_072820_1,7/28/20,50,200,40,C_ADA_072820,,normalized long-term monitoring,IIIP,column,40,,1.00E-03,F,,,,,,,,,,,,,,,A,,6,,,,,quantifiable,quantifiable,,,,
C_N49_072820_1,7/28/20,50,200,40,C_N49_072820,,normalized long-term monitoring,IIIP,column,40,,1.00E-03,F,,,,,,,,,,,,,,,N,,10,,,,,quantifiable,quantifiable,,,,
D_OSP_072820_1,7/28/20,50,200,40,D_OSP_072820,,normalized long-term monitoring,IIIP,column,40,,1.00E-03,F,,,,,,,,,,,,,,,OSP,,,,,,,quantifiable,quantifiable,,,,
C_S68_072820_1,7/28/20,50,200,40,C_S68_072820,,normalized long-term monitoring,IIIP,column,40,,1.00E-03,F,,,,,,,,,,,,,,,S,,35,,,,,quantifiable,quantifiable,,,,
D_OSP_080420_1A,8/4/20,50,200,40,D_OSP_080420,,wash_buffer,1 mL / 2 mL,column,40,,1.00E-01,trizol_072720,,,,,,,,,,,,,,,OSP,,,,J,0.1 in PBS,50,quantifiable,quantifiable,,,,
D_OSP_080420_1B,8/4/20,50,200,40,D_OSP_080420,,wash_buffer,3 mL / 6 mL,column,40,,1.00E-01,trizol_072720,,,,,,,,,,,,,,,OSP,,,,J,0.1 in PBS,50,quantifiable,quantifiable,,,,
D_OSP_080420_1C,8/4/20,50,200,40,D_OSP_080420,,wash_buffer,5 mL / 10 mL,column,40,,1.00E-01,trizol_072720,,,,,,,,,,,,,,,OSP,,,,J,0.1 in PBS,50,quantifiable,quantifiable,,,,
D_OSP_080420_1D,8/4/20,50,200,40,D_OSP_080420,,wash_buffer,7 mL / 14 mL,column,40,,1.00E-01,trizol_072720,,,,,,,,,,,,,,,OSP,,,,J,0.1 in PBS,50,quantifiable,quantifiable,,,,
D_OSP_080420_1E,8/4/20,50,200,40,D_OSP_080420,,wash_buffer,10 mL / 20 mL,column,40,,1.00E-01,trizol_072720,,,,,,,,,,,,,,,OSP,,,,J,0.1 in PBS,50,quantifiable,quantifiable,,,,
D_OSP_080420_1F,8/4/20,50,200,40,D_OSP_080420,,wash_buffer,25 mL / 50 mL,column,40,,1.00E-01,trizol_072720,,,,,,,,,,,,,,,OSP,,,,J,0.1 in PBS,50,quantifiable,quantifiable,,,,
,,,,,,,,,,,,,,,,,,,,,,,,,,,,,,,,,,,,,,,,
,,,,,,,,,,,,,,,,,,,,,,,,,,,,,,,,,,,,,,,,
,,,,,,,,,,,,,,,,,,,,,,,,,,,,,,,,,,,,,,,,
,,,,,,,,,,,,,,,,,,,,,,,,,,,,,,,,,,,,,,,,
,,,,,,,,,,,,,,,,,,,,,,,,,,,,,,,,,,,,,,,,
,,,,,,,,,,,,,,,,,,,,,,,,,,,,,,,,,,,,,,,,
,,,,,,,,,,,,,,,,,,,,,,,,,,,,,,,,,,,,,,,,
,,,,,,,,,,,,,,,,,,,,,,,,,,,,,,,,,,,,,,,,
,,,,,,,,,,,,,,,,,,,,,,,,,,,,,,,,,,,,,,,,
,,,,,,,,,,,,,,,,,,,,,,,,,,,,,,,,,,,,,,,,
,,,,,,,,,,,,,,,,,,,,,,,,,,,,,,,,,,,,,,,,
,,,,,,,,,,,,,,,,,,,,,,,,,,,,,,,,,,,,,,,,
,,,,,,,,,,,,,,,,,,,,,,,,,,,,,,,,,,,,,,,,
,,,,,,,,,,,,,,,,,,,,,,,,,,,,,,,,,,,,,,,,
,,,,,,,,,,,,,,,,,,,,,,,,,,,,,,,,,,,,,,,,
,,,,,,,,,,,,,,,,,,,,,,,,,,,,,,,,,,,,,,,,
,,,,,,,,,,,,,,,,,,,,,,,,,,,,,,,,,,,,,,,,
,,,,,,,,,,,,,,,,,,,,,,,,,,,,,,,,,,,,,,,,
,,,,,,,,,,,,,,,,,,,,,,,,,,,,,,,,,,,,,,,,
,,,,,,,,,,,,,,,,,,,,,,,,,,,,,,,,,,,,,,,,
,,,,,,,,,,,,,,,,,,,,,,,,,,,,,,,,,,,,,,,,
,,,,,,,,,,,,,,,,,,,,,,,,,,,,,,,,,,,,,,,,
,,,,,,,,,,,,,,,,,,,,,,,,,,,,,,,,,,,,,,,,
,,,,,,,,,,,,,,,,,,,,,,,,,,,,,,,,,,,,,,,,
,,,,,,,,,,,,,,,,,,,,,,,,,,,,,,,,,,,,,,,,
,,,,,,,,,,,,,,,,,,,,,,,,,,,,,,,,,,,,,,,,
,,,,,,,,,,,,,,,,,,,,,,,,,,,,,,,,,,,,,,,,
,,,,,,,,,,,,,,,,,,,,,,,,,,,,,,,,,,,,,,,,
,,,,,,,,,,,,,,,,,,,,,,,,,,,,,,,,,,,,,,,,
,,,,,,,,,,,,,,,,,,,,,,,,,,,,,,,,,,,,,,,,
,,,,,,,,,,,,,,,,,,,,,,,,,,,,,,,,,,,,,,,,
,,,,,,,,,,,,,,,,,,,,,,,,,,,,,,,,,,,,,,,,
,,,,,,,,,,,,,,,,,,,,,,,,,,,,,,,,,,,,,,,,
,,,,,,,,,,,,,,,,,,,,,,,,,,,,,,,,,,,,,,,,
,,,,,,,,,,,,,,,,,,,,,,,,,,,,,,,,,,,,,,,,
,,,,,,,,,,,,,,,,,,,,,,,,,,,,,,,,,,,,,,,,
,,,,,,,,,,,,,,,,,,,,,,,,,,,,,,,,,,,,,,,,
,,,,,,,,,,,,,,,,,,,,,,,,,,,,,,,,,,,,,,,,
,,,,,,,,,,,,,,,,,,,,,,,,,,,,,,,,,,,,,,,,
,,,,,,,,,,,,,,,,,,,,,,,,,,,,,,,,,,,,,,,,
,,,,,,,,,,,,,,,,,,,,,,,,,,,,,,,,,,,,,,,,
,,,,,,,,,,,,,,,,,,,,,,,,,,,,,,,,,,,,,,,,
,,,,,,,,,,,,,,,,,,,,,,,,,,,,,,,,,,,,,,,,
,,,,,,,,,,,,,,,,,,,,,,,,,,,,,,,,,,,,,,,,
,,,,,,,,,,,,,,,,,,,,,,,,,,,,,,,,,,,,,,,,
,,,,,,,,,,,,,,,,,,,,,,,,,,,,,,,,,,,,,,,,
,,,,,,,,,,,,,,,,,,,,,,,,,,,,,,,,,,,,,,,,
,,,,,,,,,,,,,,,,,,,,,,,,,,,,,,,,,,,,,,,,
,,,,,,,,,,,,,,,,,,,,,,,,,,,,,,,,,,,,,,,,
,,,,,,,,,,,,,,,,,,,,,,,,,,,,,,,,,,,,,,,,
,,,,,,,,,,,,,,,,,,,,,,,,,,,,,,,,,,,,,,,,
,,,,,,,,,,,,,,,,,,,,,,,,,,,,,,,,,,,,,,,,
,,,,,,,,,,,,,,,,,,,,,,,,,,,,,,,,,,,,,,,,
,,,,,,,,,,,,,,,,,,,,,,,,,,,,,,,,,,,,,,,,
,,,,,,,,,,,,,,,,,,,,,,,,,,,,,,,,,,,,,,,,
,,,,,,,,,,,,,,,,,,,,,,,,,,,,,,,,,,,,,,,,
,,,,,,,,,,,,,,,,,,,,,,,,,,,,,,,,,,,,,,,,
,,,,,,,,,,,,,,,,,,,,,,,,,,,,,,,,,,,,,,,,
,,,,,,,,,,,,,,,,,,,,,,,,,,,,,,,,,,,,,,,,
,,,,,,,,,,,,,,,,,,,,,,,,,,,,,,,,,,,,,,,,
,,,,,,,,,,,,,,,,,,,,,,,,,,,,,,,,,,,,,,,,
,,,,,,,,,,,,,,,,,,,,,,,,,,,,,,,,,,,,,,,,
,,,,,,,,,,,,,,,,,,,,,,,,,,,,,,,,,,,,,,,,
,,,,,,,,,,,,,,,,,,,,,,,,,,,,,,,,,,,,,,,,
,,,,,,,,,,,,,,,,,,,,,,,,,,,,,,,,,,,,,,,,
,,,,,,,,,,,,,,,,,,,,,,,,,,,,,,,,,,,,,,,,
,,,,,,,,,,,,,,,,,,,,,,,,,,,,,,,,,,,,,,,,
,,,,,,,,,,,,,,,,,,,,,,,,,,,,,,,,,,,,,,,,
,,,,,,,,,,,,,,,,,,,,,,,,,,,,,,,,,,,,,,,,
,,,,,,,,,,,,,,,,,,,,,,,,,,,,,,,,,,,,,,,,
,,,,,,,,,,,,,,,,,,,,,,,,,,,,,,,,,,,,,,,,
,,,,,,,,,,,,,,,,,,,,,,,,,,,,,,,,,,,,,,,,
,,,,,,,,,,,,,,,,,,,,,,,,,,,,,,,,,,,,,,,,
,,,,,,,,,,,,,,,,,,,,,,,,,,,,,,,,,,,,,,,,
,,,,,,,,,,,,,,,,,,,,,,,,,,,,,,,,,,,,,,,,
,,,,,,,,,,,,,,,,,,,,,,,,,,,,,,,,,,,,,,,,
,,,,,,,,,,,,,,,,,,,,,,,,,,,,,,,,,,,,,,,,
,,,,,,,,,,,,,,,,,,,,,,,,,,,,,,,,,,,,,,,,
,,,,,,,,,,,,,,,,,,,,,,,,,,,,,,,,,,,,,,,,
,,,,,,,,,,,,,,,,,,,,,,,,,,,,,,,,,,,,,,,,
,,,,,,,,,,,,,,,,,,,,,,,,,,,,,,,,,,,,,,,,
,,,,,,,,,,,,,,,,,,,,,,,,,,,,,,,,,,,,,,,,
,,,,,,,,,,,,,,,,,,,,,,,,,,,,,,,,,,,,,,,,
,,,,,,,,,,,,,,,,,,,,,,,,,,,,,,,,,,,,,,,,
,,,,,,,,,,,,,,,,,,,,,,,,,,,,,,,,,,,,,,,,
,,,,,,,,,,,,,,,,,,,,,,,,,,,,,,,,,,,,,,,,
,,,,,,,,,,,,,,,,,,,,,,,,,,,,,,,,,,,,,,,,
,,,,,,,,,,,,,,,,,,,,,,,,,,,,,,,,,,,,,,,,
,,,,,,,,,,,,,,,,,,,,,,,,,,,,,,,,,,,,,,,,
,,,,,,,,,,,,,,,,,,,,,,,,,,,,,,,,,,,,,,,,
,,,,,,,,,,,,,,,,,,,,,,,,,,,,,,,,,,,,,,,,
,,,,,,,,,,,,,,,,,,,,,,,,,,,,,,,,,,,,,,,,
,,,,,,,,,,,,,,,,,,,,,,,,,,,,,,,,,,,,,,,,
,,,,,,,,,,,,,,,,,,,,,,,,,,,,,,,,,,,,,,,,
,,,,,,,,,,,,,,,,,,,,,,,,,,,,,,,,,,,,,,,,
,,,,,,,,,,,,,,,,,,,,,,,,,,,,,,,,,,,,,,,,
,,,,,,,,,,,,,,,,,,,,,,,,,,,,,,,,,,,,,,,,
,,,,,,,,,,,,,,,,,,,,,,,,,,,,,,,,,,,,,,,,
,,,,,,,,,,,,,,,,,,,,,,,,,,,,,,,,,,,,,,,,
,,,,,,,,,,,,,,,,,,,,,,,,,,,,,,,,,,,,,,,,
,,,,,,,,,,,,,,,,,,,,,,,,,,,,,,,,,,,,,,,,
,,,,,,,,,,,,,,,,,,,,,,,,,,,,,,,,,,,,,,,,
,,,,,,,,,,,,,,,,,,,,,,,,,,,,,,,,,,,,,,,,
,,,,,,,,,,,,,,,,,,,,,,,,,,,,,,,,,,,,,,,,
,,,,,,,,,,,,,,,,,,,,,,,,,,,,,,,,,,,,,,,,
,,,,,,,,,,,,,,,,,,,,,,,,,,,,,,,,,,,,,,,,
,,,,,,,,,,,,,,,,,,,,,,,,,,,,,,,,,,,,,,,,
,,,,,,,,,,,,,,,,,,,,,,,,,,,,,,,,,,,,,,,,
,,,,,,,,,,,,,,,,,,,,,,,,,,,,,,,,,,,,,,,,
,,,,,,,,,,,,,,,,,,,,,,,,,,,,,,,,,,,,,,,,
,,,,,,,,,,,,,,,,,,,,,,,,,,,,,,,,,,,,,,,,
,,,,,,,,,,,,,,,,,,,,,,,,,,,,,,,,,,,,,,,,
,,,,,,,,,,,,,,,,,,,,,,,,,,,,,,,,,,,,,,,,
,,,,,,,,,,,,,,,,,,,,,,,,,,,,,,,,,,,,,,,,
,,,,,,,,,,,,,,,,,,,,,,,,,,,,,,,,,,,,,,,,
,,,,,,,,,,,,,,,,,,,,,,,,,,,,,,,,,,,,,,,,
,,,,,,,,,,,,,,,,,,,,,,,,,,,,,,,,,,,,,,,,
,,,,,,,,,,,,,,,,,,,,,,,,,,,,,,,,,,,,,,,,
,,,,,,,,,,,,,,,,,,,,,,,,,,,,,,,,,,,,,,,,
,,,,,,,,,,,,,,,,,,,,,,,,,,,,,,,,,,,,,,,,
,,,,,,,,,,,,,,,,,,,,,,,,,,,,,,,,,,,,,,,,
,,,,,,,,,,,,,,,,,,,,,,,,,,,,,,,,,,,,,,,,
,,,,,,,,,,,,,,,,,,,,,,,,,,,,,,,,,,,,,,,,
,,,,,,,,,,,,,,,,,,,,,,,,,,,,,,,,,,,,,,,,
,,,,,,,,,,,,,,,,,,,,,,,,,,,,,,,,,,,,,,,,
,,,,,,,,,,,,,,,,,,,,,,,,,,,,,,,,,,,,,,,,
,,,,,,,,,,,,,,,,,,,,,,,,,,,,,,,,,,,,,,,,
,,,,,,,,,,,,,,,,,,,,,,,,,,,,,,,,,,,,,,,,
,,,,,,,,,,,,,,,,,,,,,,,,,,,,,,,,,,,,,,,,
,,,,,,,,,,,,,,,,,,,,,,,,,,,,,,,,,,,,,,,,
,,,,,,,,,,,,,,,,,,,,,,,,,,,,,,,,,,,,,,,,
,,,,,,,,,,,,,,,,,,,,,,,,,,,,,,,,,,,,,,,,
,,,,,,,,,,,,,,,,,,,,,,,,,,,,,,,,,,,,,,,,
,,,,,,,,,,,,,,,,,,,,,,,,,,,,,,,,,,,,,,,,
,,,,,,,,,,,,,,,,,,,,,,,,,,,,,,,,,,,,,,,,
,,,,,,,,,,,,,,,,,,,,,,,,,,,,,,,,,,,,,,,,
,,,,,,,,,,,,,,,,,,,,,,,,,,,,,,,,,,,,,,,,
,,,,,,,,,,,,,,,,,,,,,,,,,,,,,,,,,,,,,,,,
,,,,,,,,,,,,,,,,,,,,,,,,,,,,,,,,,,,,,,,,
,,,,,,,,,,,,,,,,,,,,,,,,,,,,,,,,,,,,,,,,
,,,,,,,,,,,,,,,,,,,,,,,,,,,,,,,,,,,,,,,,
,,,,,,,,,,,,,,,,,,,,,,,,,,,,,,,,,,,,,,,,
,,,,,,,,,,,,,,,,,,,,,,,,,,,,,,,,,,,,,,,,
,,,,,,,,,,,,,,,,,,,,,,,,,,,,,,,,,,,,,,,,
,,,,,,,,,,,,,,,,,,,,,,,,,,,,,,,,,,,,,,,,
,,,,,,,,,,,,,,,,,,,,,,,,,,,,,,,,,,,,,,,,
,,,,,,,,,,,,,,,,,,,,,,,,,,,,,,,,,,,,,,,,
,,,,,,,,,,,,,,,,,,,,,,,,,,,,,,,,,,,,,,,,
,,,,,,,,,,,,,,,,,,,,,,,,,,,,,,,,,,,,,,,,
,,,,,,,,,,,,,,,,,,,,,,,,,,,,,,,,,,,,,,,,
,,,,,,,,,,,,,,,,,,,,,,,,,,,,,,,,,,,,,,,,
,,,,,,,,,,,,,,,,,,,,,,,,,,,,,,,,,,,,,,,,
,,,,,,,,,,,,,,,,,,,,,,,,,,,,,,,,,,,,,,,,
,,,,,,,,,,,,,,,,,,,,,,,,,,,,,,,,,,,,,,,,
,,,,,,,,,,,,,,,,,,,,,,,,,,,,,,,,,,,,,,,,
,,,,,,,,,,,,,,,,,,,,,,,,,,,,,,,,,,,,,,,,
,,,,,,,,,,,,,,,,,,,,,,,,,,,,,,,,,,,,,,,,
,,,,,,,,,,,,,,,,,,,,,,,,,,,,,,,,,,,,,,,,
,,,,,,,,,,,,,,,,,,,,,,,,,,,,,,,,,,,,,,,,